num_cells,num_col,x,y,width,height,font_size,x_inches,y_inches
20,15000,0.9,0.457,0.2,0.92,9,10+0.01(num_cells),x_inches
50,5,0.9,0.457,0.2,0.957,8,10+0.01(num_cells),x_inches
80,5,0.9,0.457,0.2,0.963,7.5,10+0.01(num_cells),x_inches
100,5,0.9,0.457,0.2,0.97,7,10+0.01(num_cells),x_inches
200,15000,0.9,0.458,0.2,0.971,7,10+0.01(num_cells),x_inches
350,15000,0.9,0.462,0.2,0.987,3,10+0.01(num_cells),x_inches
500,5,0.9,0.463,0.2,0.994,2,10+0.01(num_cells),x_inches
600,15000,0.9,0.464,0.2,0.997,1.8,10+0.01(num_cells),x_inches
750,15000,0.9,0.465,0.2,1.001,1.7,10+0.01(num_cells),x_inches
1000,5,0.9,0.466,0.2,1.007,1.5,10+0.01(num_cells),x_inches
1500,15000,0.9,0.468,0.2,1.015,1.2,10+0.01(num_cells),x_inches
2000,5,0.9,0.469,0.2,1.02,1,10+0.01(num_cells),x_inches